{
  "fill" : {
    "automatic-gradient" : "extended-srgb:0.00000,0.47843,1.00000,1.00000"
  },
  "groups" : [
    {
      "layers" : [
        {
          "image-name" : "6b9c60e0-3a9d-44be-80a7-4cd672da3b79-1761916405.png",
          "name" : "6b9c60e0-3a9d-44be-80a7-4cd672da3b79-1761916405"
        }
      ],
      "shadow" : {
        "kind" : "neutral",
        "opacity" : 0.5
      },
      "translucency" : {
        "enabled" : true,
        "value" : 0.5
      }
    }
  ],
  "supported-platforms" : {
    "circles" : [
      "watchOS"
    ],
    "squares" : "shared"
  }
}